<ImportExportXml version="9.2.23084.220" SolutionPackageVersion="9.2" languagecode="1033" generatedBy="CrmLive" xmlns:xsi="http://www.w3.org/2001/XMLSchema-instance">
  <SolutionManifest>
    <UniqueName>BusinessApprovalKit</UniqueName>
    <LocalizedNames>
      <LocalizedName description="Business Approval Kit" languagecode="1033" />
    </LocalizedNames>
    <Descriptions />
    <Version>1.0.0.43</Version>
    <Managed>0</Managed>
    <Publisher>
      <UniqueName>catteam</UniqueName>
      <LocalizedNames>
        <LocalizedName description="CAT Team" languagecode="1033" />
      </LocalizedNames>
      <Descriptions />
      <EMailAddress xsi:nil="true"></EMailAddress>
      <SupportingWebsiteUrl xsi:nil="true"></SupportingWebsiteUrl>
      <CustomizationPrefix>cat</CustomizationPrefix>
      <CustomizationOptionValuePrefix>80906</CustomizationOptionValuePrefix>
      <Addresses>
        <Address>
          <AddressNumber>1</AddressNumber>
          <AddressTypeCode>1</AddressTypeCode>
          <City xsi:nil="true"></City>
          <County xsi:nil="true"></County>
          <Country xsi:nil="true"></Country>
          <Fax xsi:nil="true"></Fax>
          <FreightTermsCode xsi:nil="true"></FreightTermsCode>
          <ImportSequenceNumber xsi:nil="true"></ImportSequenceNumber>
          <Latitude xsi:nil="true"></Latitude>
          <Line1 xsi:nil="true"></Line1>
          <Line2 xsi:nil="true"></Line2>
          <Line3 xsi:nil="true"></Line3>
          <Longitude xsi:nil="true"></Longitude>
          <Name xsi:nil="true"></Name>
          <PostalCode xsi:nil="true"></PostalCode>
          <PostOfficeBox xsi:nil="true"></PostOfficeBox>
          <PrimaryContactName xsi:nil="true"></PrimaryContactName>
          <ShippingMethodCode>1</ShippingMethodCode>
          <StateOrProvince xsi:nil="true"></StateOrProvince>
          <Telephone1 xsi:nil="true"></Telephone1>
          <Telephone2 xsi:nil="true"></Telephone2>
          <Telephone3 xsi:nil="true"></Telephone3>
          <TimeZoneRuleVersionNumber xsi:nil="true"></TimeZoneRuleVersionNumber>
          <UPSZone xsi:nil="true"></UPSZone>
          <UTCOffset xsi:nil="true"></UTCOffset>
          <UTCConversionTimeZoneCode xsi:nil="true"></UTCConversionTimeZoneCode>
        </Address>
        <Address>
          <AddressNumber>2</AddressNumber>
          <AddressTypeCode>1</AddressTypeCode>
          <City xsi:nil="true"></City>
          <County xsi:nil="true"></County>
          <Country xsi:nil="true"></Country>
          <Fax xsi:nil="true"></Fax>
          <FreightTermsCode xsi:nil="true"></FreightTermsCode>
          <ImportSequenceNumber xsi:nil="true"></ImportSequenceNumber>
          <Latitude xsi:nil="true"></Latitude>
          <Line1 xsi:nil="true"></Line1>
          <Line2 xsi:nil="true"></Line2>
          <Line3 xsi:nil="true"></Line3>
          <Longitude xsi:nil="true"></Longitude>
          <Name xsi:nil="true"></Name>
          <PostalCode xsi:nil="true"></PostalCode>
          <PostOfficeBox xsi:nil="true"></PostOfficeBox>
          <PrimaryContactName xsi:nil="true"></PrimaryContactName>
          <ShippingMethodCode>1</ShippingMethodCode>
          <StateOrProvince xsi:nil="true"></StateOrProvince>
          <Telephone1 xsi:nil="true"></Telephone1>
          <Telephone2 xsi:nil="true"></Telephone2>
          <Telephone3 xsi:nil="true"></Telephone3>
          <TimeZoneRuleVersionNumber xsi:nil="true"></TimeZoneRuleVersionNumber>
          <UPSZone xsi:nil="true"></UPSZone>
          <UTCOffset xsi:nil="true"></UTCOffset>
          <UTCConversionTimeZoneCode xsi:nil="true"></UTCConversionTimeZoneCode>
        </Address>
      </Addresses>
    </Publisher>
    <RootComponents>
      <RootComponent type="1" schemaName="cat_businessapprovalcondition" behavior="0" />
      <RootComponent type="1" schemaName="cat_businessapprovaldata" behavior="0" />
      <RootComponent type="1" schemaName="cat_businessapprovaldatainstance" behavior="0" />
      <RootComponent type="1" schemaName="cat_businessapprovalholidaycalendar" behavior="0" />
      <RootComponent type="1" schemaName="cat_businessapprovalinstance" behavior="0" />
      <RootComponent type="1" schemaName="cat_businessapprovalinstancelog" behavior="0" />
      <RootComponent type="1" schemaName="cat_businessapprovalinstanceoverride" behavior="0" />
      <RootComponent type="1" schemaName="cat_businessapprovalnode" behavior="0" />
      <RootComponent type="1" schemaName="cat_businessapprovalprocess" behavior="0" />
      <RootComponent type="1" schemaName="cat_businessapprovalpublicholidays" behavior="0" />
      <RootComponent type="1" schemaName="cat_businessapprovalpublishedruntimedata" behavior="0" />
      <RootComponent type="1" schemaName="cat_businessapprovalpublishedworkflow" behavior="0" />
      <RootComponent type="1" schemaName="cat_businessapprovalruntimecondition" behavior="0" />
      <RootComponent type="1" schemaName="cat_businessapprovalruntimedata" behavior="0" />
      <RootComponent type="1" schemaName="cat_businessapprovalruntimeexception" behavior="0" />
      <RootComponent type="1" schemaName="cat_businessapprovalruntimeinstance" behavior="0" />
      <RootComponent type="1" schemaName="cat_businessapprovalruntimenode" behavior="0" />
      <RootComponent type="1" schemaName="cat_businessapprovalruntimenodeinstance" behavior="0" />
      <RootComponent type="1" schemaName="cat_businessapprovalruntimestage" behavior="0" />
      <RootComponent type="1" schemaName="cat_businessapprovalruntimestageinstance" behavior="0" />
      <RootComponent type="1" schemaName="cat_businessapprovalsetting" behavior="0" />
      <RootComponent type="1" schemaName="cat_businessapprovalstage" behavior="0" />
      <RootComponent type="1" schemaName="cat_businessapprovalversion" behavior="0" />
      <RootComponent type="1" schemaName="cat_businessapprovalworkflow" behavior="0" />
      <RootComponent type="1" schemaName="cat_businessapprovalworkflowqueue" behavior="0" />
      <RootComponent type="1" schemaName="cat_businessapprovalworkprofile" behavior="0" />
      <RootComponent type="1" schemaName="cat_businessapprover" behavior="0" />
      <RootComponent type="1" schemaName="cat_businessapproverdynamicdatamap" behavior="0" />
      <RootComponent type="1" schemaName="cat_businessapproveroof" behavior="0" />
      <RootComponent type="9" schemaName="cat_bizappr_approvaltype" behavior="0" />
      <RootComponent type="9" schemaName="cat_bizappr_approvertype" behavior="0" />
      <RootComponent type="9" schemaName="cat_bizappr_delegationrule" behavior="0" />
      <RootComponent type="9" schemaName="cat_bizappr_dynamicapprovertype" behavior="0" />
      <RootComponent type="9" schemaName="cat_bizappr_exceptionstatus" behavior="0" />
      <RootComponent type="9" schemaName="cat_bizappr_exceptiontype" behavior="0" />
      <RootComponent type="9" schemaName="cat_bizappr_instancestatus" behavior="0" />
      <RootComponent type="9" schemaName="cat_bizappr_logsource" behavior="0" />
      <RootComponent type="9" schemaName="cat_bizappr_notificationtype" behavior="0" />
      <RootComponent type="9" schemaName="cat_bizappr_operand" behavior="0" />
      <RootComponent type="9" schemaName="cat_bizappr_overridestatus" behavior="0" />
      <RootComponent type="9" schemaName="cat_bizappr_overridetype" behavior="0" />
      <RootComponent type="9" schemaName="cat_bizappr_prefnotificationtype" behavior="0" />
      <RootComponent type="9" schemaName="cat_bizappr_publishingstatus" behavior="0" />
      <RootComponent type="9" schemaName="cat_bizappr_sourcedata" behavior="0" />
      <RootComponent type="9" schemaName="cat_bizappr_stagecondition" behavior="0" />
      <RootComponent type="9" schemaName="cat_bizappr_targetdata" behavior="0" />
      <RootComponent type="9" schemaName="cat_bizappr_timeoutmode" behavior="0" />
      <RootComponent type="9" schemaName="cat_businessapprovaldatatype" behavior="0" />
      <RootComponent type="9" schemaName="cat_businessapprovalnodetype" behavior="0" />
      <RootComponent type="29" id="{0cc362b4-1e53-ec11-8f8e-0022486dc855}" behavior="0" />
      <RootComponent type="29" id="{0d3a2e2c-a78d-ec11-8d20-000d3a09d351}" behavior="0" />
      <RootComponent type="29" id="{27678b1c-da6f-ed11-81ac-000d3a09cf6c}" behavior="0" />
      <RootComponent type="29" id="{514b484e-a68d-ec11-8d20-000d3a09d351}" behavior="0" />
      <RootComponent type="29" id="{5313bb69-e0c1-ec11-983e-0022486df843}" behavior="0" />
      <RootComponent type="29" id="{5abbafc2-37cf-ec11-a7b5-0022486dabee}" behavior="0" />
      <RootComponent type="29" id="{613b8c18-5ad4-ec11-a7b5-000d3af4ac06}" behavior="0" />
      <RootComponent type="29" id="{65045bb1-f682-ec11-8d20-0022486da35f}" behavior="0" />
      <RootComponent type="29" id="{83b1ec3a-88d3-ec11-a7b5-000d3af46350}" behavior="0" />
      <RootComponent type="29" id="{89dabc4e-35b9-ec11-983f-0022486de2eb}" behavior="0" />
      <RootComponent type="29" id="{a04208b8-428d-ec11-8d20-000d3a09ca36}" behavior="0" />
      <RootComponent type="29" id="{a361aa67-04ad-ec11-983e-0022486e1632}" behavior="0" />
      <RootComponent type="29" id="{a696980c-5fd0-ec11-a7b5-0022486dabee}" behavior="0" />
      <RootComponent type="29" id="{bf11ca75-9d8d-ec11-8d20-000d3a09d351}" behavior="0" />
      <RootComponent type="29" id="{c23760b5-657a-ed11-81ad-000d3af460f9}" behavior="0" />
      <RootComponent type="29" id="{c2534955-add4-ec11-a7b5-000d3af46350}" behavior="0" />
      <RootComponent type="29" id="{c5c9a675-66d0-ec11-a7b5-0022486ddab5}" behavior="0" />
      <RootComponent type="29" id="{d0ccbebf-d08c-ec11-8d20-000d3a09d351}" behavior="0" />
      <RootComponent type="29" id="{d492106f-e56d-ec11-8f8e-000d3a09f61a}" behavior="0" />
      <RootComponent type="29" id="{d9eb54ac-e574-ed11-81ac-000d3a09c3ea}" behavior="0" />
      <RootComponent type="29" id="{dcb75fef-35d6-ec11-a7b5-000d3af46350}" behavior="0" />
      <RootComponent type="29" id="{e46573c9-d86f-ed11-81ac-000d3a09c30d}" behavior="0" />
      <RootComponent type="29" id="{fb00d840-ca8c-ec11-8d20-000d3a09d351}" behavior="0" />
      <RootComponent type="60" id="{77d97034-84b4-ed11-83fe-0022482a97de}" behavior="0" />
      <RootComponent type="61" schemaName="cat_approval_icons_approvalpath" behavior="0" />
      <RootComponent type="61" schemaName="cat_businessapprovaloverridecustompagejs" behavior="0" />
      <RootComponent type="61" schemaName="cat_businessapprovalprocessdesignercustompagejs" behavior="0" />
      <RootComponent type="61" schemaName="cat_businessapproval_approvalinstance" behavior="0" />
      <RootComponent type="61" schemaName="cat_businessapproval_calendar" behavior="0" />
      <RootComponent type="61" schemaName="cat_businessapproval_conditions" behavior="0" />
      <RootComponent type="61" schemaName="cat_businessapproval_data" behavior="0" />
      <RootComponent type="61" schemaName="cat_businessapproval_datainstance" behavior="0" />
      <RootComponent type="61" schemaName="cat_businessapproval_holiday" behavior="0" />
      <RootComponent type="61" schemaName="cat_businessapproval_log" behavior="0" />
      <RootComponent type="61" schemaName="cat_businessapproval_node" behavior="0" />
      <RootComponent type="61" schemaName="cat_businessapproval_nodeinstance" behavior="0" />
      <RootComponent type="61" schemaName="cat_businessapproval_override" behavior="0" />
      <RootComponent type="61" schemaName="cat_businessapproval_runtimecondition" behavior="0" />
      <RootComponent type="61" schemaName="cat_businessapproval_runtimedata" behavior="0" />
      <RootComponent type="61" schemaName="cat_businessapproval_runtimenode" behavior="0" />
      <RootComponent type="61" schemaName="cat_BusinessApproval_RuntimeStage" behavior="0" />
      <RootComponent type="61" schemaName="cat_businessapproval_runtimeworkflow" behavior="0" />
      <RootComponent type="61" schemaName="cat_businessapproval_setting" behavior="0" />
      <RootComponent type="61" schemaName="cat_businessapproval_stage" behavior="0" />
      <RootComponent type="61" schemaName="cat_businessapproval_stageinstance" behavior="0" />
      <RootComponent type="61" schemaName="cat_businessapproval_workflow" behavior="0" />
      <RootComponent type="61" schemaName="cat_businessapproval_workflowinstance" behavior="0" />
      <RootComponent type="61" schemaName="cat_businessapproval_workprofile" behavior="0" />
      <RootComponent type="61" schemaName="cat_businessapprovers" behavior="0" />
      <RootComponent type="62" schemaName="cat_BusinessApprovalManagement" behavior="0" />
      <RootComponent type="80" schemaName="cat_BusinessApprovalManagement" behavior="0" />
      <RootComponent type="91" id="{1bb59aa3-f0eb-44bf-8822-da762a08b78f}" schemaName="CreateBusinessApprovalWF, Version=1.0.0.0, Culture=neutral, PublicKeyToken=d45e5ea3a3459213" behavior="0" />
      <RootComponent type="300" schemaName="cat_businessapprovalmanagementdefaultcommandlibrary_94e11" behavior="0" />
      <RootComponent type="300" schemaName="cat_businessapprovaloverridecustompage_c87bd" behavior="0" />
      <RootComponent type="300" schemaName="cat_businessapprovalprocessmanager_1d6e0" behavior="0" />
      <RootComponent type="300" schemaName="cat_homepagereimagined_709bf" behavior="0" />
      <RootComponent type="300" schemaName="cat_homepage_96ece" behavior="0" />
      <RootComponent type="300" schemaName="cat_processdesignerreimagined_2478d" behavior="0" />
      <RootComponent type="300" schemaName="cat_processdesigner_57f47" behavior="0" />
      <RootComponent type="300" schemaName="cat_settings_3ada8" behavior="0" />
      <RootComponent type="372" id="{d5781852-d15c-476b-852c-48c738e17be4}" schemaName="cat_approvals-20kit" behavior="0" />
    </RootComponents>
    <MissingDependencies>
      <MissingDependency>
        <Required type="1" schemaName="aaduser" displayName="AAD User" solution="MetadataExtension (1.0.2.72)" />
        <Dependent type="300" schemaName="cat_businessapprovalprocessmanager_1d6e0" displayName="[Deprecated] Business Approval Process Manager" />
      </MissingDependency>
      <MissingDependency>
        <Required type="1" schemaName="msdyn_flow_approval" displayName="Approval" solution="msdyn_FlowApprovalsCore (2.0.4.3)">
          <package>msdyn_FlowApprovals (2.0.4.3)</package>
        </Required>
        <Dependent type="29" displayName="BACore | Runtime - Start Approval" id="{a04208b8-428d-ec11-8d20-000d3a09ca36}" />
      </MissingDependency>
      <MissingDependency>
        <Required type="61" schemaName="msdyn_/Images/AppModule_Default_Icon.png" displayName="msdyn_/Images/AppModule_Default_Icon.png" solution="AppModuleWebResources (2.5)" />
        <Dependent type="80" schemaName="cat_BusinessApprovalManagement" displayName="Business Approval Management" />
      </MissingDependency>
      <MissingDependency>
        <Required type="61" schemaName="msdyncrm_/KnowledgeSuggestion/kbarticlepagehost.html" displayName="msdyncrm_/KnowledgeSuggestion/kbarticlepagehost.html" solution="msdynce_KnowledgeManagementFeatures (9.0.23081.5020)">
          <package>msdynce_KnowledgeManagementAnchor (9.0.23081.5020)</package>
        </Required>
        <Dependent type="80" schemaName="cat_BusinessApprovalManagement" displayName="Business Approval Management" />
      </MissingDependency>
      <MissingDependency>
        <Required type="66" schemaName="cat_PowerCAT.AutoWidthLabel" displayName="cat_PowerCAT.AutoWidthLabel" solution="CreatorKitCore (1.0.20230421.1)" />
        <Dependent type="300" schemaName="cat_homepage_96ece" displayName="Home page" />
      </MissingDependency>
      <MissingDependency>
        <Required type="66" schemaName="cat_PowerCAT.AutoWidthLabel" displayName="cat_PowerCAT.AutoWidthLabel" solution="CreatorKitCore (1.0.20230421.1)" />
        <Dependent type="300" schemaName="cat_homepagereimagined_709bf" displayName="Home page - Reimagined" />
      </MissingDependency>
      <MissingDependency>
        <Required type="66" schemaName="cat_PowerCAT.Breadcrumb" displayName="cat_PowerCAT.Breadcrumb" solution="CreatorKitCore (1.0.20230421.1)" />
        <Dependent type="300" schemaName="cat_processdesignerreimagined_2478d" displayName="Process Designer Reimagined" />
      </MissingDependency>
      <MissingDependency>
        <Required type="66" schemaName="cat_PowerCAT.CommandBar" displayName="cat_PowerCAT.CommandBar" solution="CreatorKitCore (1.0.20230421.1)" />
        <Dependent type="300" schemaName="cat_processdesigner_57f47" displayName="Process Designer" />
      </MissingDependency>
      <MissingDependency>
        <Required type="66" schemaName="cat_PowerCAT.CommandBar" displayName="cat_PowerCAT.CommandBar" solution="CreatorKitCore (1.0.20230421.1)" />
        <Dependent type="300" schemaName="cat_processdesignerreimagined_2478d" displayName="Process Designer Reimagined" />
      </MissingDependency>
      <MissingDependency>
        <Required type="66" schemaName="cat_PowerCAT.CommandBar" displayName="cat_PowerCAT.CommandBar" solution="CreatorKitCore (1.0.20230421.1)" />
        <Dependent type="300" schemaName="cat_settings_3ada8" displayName="Settings" />
      </MissingDependency>
      <MissingDependency>
        <Required type="66" schemaName="cat_PowerCAT.Elevation" displayName="cat_PowerCAT.Elevation" solution="CreatorKitCore (1.0.20230421.1)" />
        <Dependent type="300" schemaName="cat_homepage_96ece" displayName="Home page" />
      </MissingDependency>
      <MissingDependency>
        <Required type="66" schemaName="cat_PowerCAT.Elevation" displayName="cat_PowerCAT.Elevation" solution="CreatorKitCore (1.0.20230421.1)" />
        <Dependent type="300" schemaName="cat_homepagereimagined_709bf" displayName="Home page - Reimagined" />
      </MissingDependency>
      <MissingDependency>
        <Required type="66" schemaName="cat_PowerCAT.Elevation" displayName="cat_PowerCAT.Elevation" solution="CreatorKitCore (1.0.20230421.1)" />
        <Dependent type="300" schemaName="cat_processdesigner_57f47" displayName="Process Designer" />
      </MissingDependency>
      <MissingDependency>
        <Required type="66" schemaName="cat_PowerCAT.Elevation" displayName="cat_PowerCAT.Elevation" solution="CreatorKitCore (1.0.20230421.1)" />
        <Dependent type="300" schemaName="cat_processdesignerreimagined_2478d" displayName="Process Designer Reimagined" />
      </MissingDependency>
      <MissingDependency>
        <Required type="66" schemaName="cat_PowerCAT.FluentDetailsList" displayName="cat_PowerCAT.FluentDetailsList" solution="CreatorKitCore (1.0.20230421.1)" />
        <Dependent type="300" schemaName="cat_homepage_96ece" displayName="Home page" />
      </MissingDependency>
      <MissingDependency>
        <Required type="66" schemaName="cat_PowerCAT.FluentDetailsList" displayName="cat_PowerCAT.FluentDetailsList" solution="CreatorKitCore (1.0.20230421.1)" />
        <Dependent type="300" schemaName="cat_homepagereimagined_709bf" displayName="Home page - Reimagined" />
      </MissingDependency>
      <MissingDependency>
        <Required type="66" schemaName="cat_PowerCAT.Icon" displayName="cat_PowerCAT.Icon" solution="CreatorKitCore (1.0.20230421.1)" />
        <Dependent type="300" schemaName="cat_homepage_96ece" displayName="Home page" />
      </MissingDependency>
      <MissingDependency>
        <Required type="66" schemaName="cat_PowerCAT.Icon" displayName="cat_PowerCAT.Icon" solution="CreatorKitCore (1.0.20230421.1)" />
        <Dependent type="300" schemaName="cat_homepagereimagined_709bf" displayName="Home page - Reimagined" />
      </MissingDependency>
      <MissingDependency>
        <Required type="66" schemaName="cat_PowerCAT.Icon" displayName="cat_PowerCAT.Icon" solution="CreatorKitCore (1.0.20230421.1)" />
        <Dependent type="300" schemaName="cat_processdesigner_57f47" displayName="Process Designer" />
      </MissingDependency>
      <MissingDependency>
        <Required type="66" schemaName="cat_PowerCAT.Icon" displayName="cat_PowerCAT.Icon" solution="CreatorKitCore (1.0.20230421.1)" />
        <Dependent type="300" schemaName="cat_processdesignerreimagined_2478d" displayName="Process Designer Reimagined" />
      </MissingDependency>
      <MissingDependency>
        <Required type="66" schemaName="cat_PowerCAT.Icon" displayName="cat_PowerCAT.Icon" solution="CreatorKitCore (1.0.20230421.1)" />
        <Dependent type="300" schemaName="cat_settings_3ada8" displayName="Settings" />
      </MissingDependency>
      <MissingDependency>
        <Required type="66" schemaName="cat_PowerCAT.NavigationComponentPCF" displayName="cat_PowerCAT.NavigationComponentPCF" solution="Active" />
        <Dependent type="300" schemaName="cat_homepagereimagined_709bf" displayName="Home page - Reimagined" />
      </MissingDependency>
      <MissingDependency>
        <Required type="66" schemaName="cat_PowerCAT.Panel" displayName="cat_PowerCAT.Panel" solution="Active" />
        <Dependent type="300" schemaName="cat_processdesigner_57f47" displayName="Process Designer" />
      </MissingDependency>
      <MissingDependency>
        <Required type="66" schemaName="cat_PowerCAT.PeoplePicker" displayName="cat_PowerCAT.PeoplePicker" solution="CreatorKitCore (1.0.20230421.1)" />
        <Dependent type="300" schemaName="cat_processdesigner_57f47" displayName="Process Designer" />
      </MissingDependency>
      <MissingDependency>
        <Required type="66" schemaName="cat_PowerCAT.PeoplePicker" displayName="cat_PowerCAT.PeoplePicker" solution="CreatorKitCore (1.0.20230421.1)" />
        <Dependent type="300" schemaName="cat_processdesignerreimagined_2478d" displayName="Process Designer Reimagined" />
      </MissingDependency>
      <MissingDependency>
        <Required type="66" schemaName="cat_PowerCAT.PeoplePicker" displayName="cat_PowerCAT.PeoplePicker" solution="CreatorKitCore (1.0.20230421.1)" />
        <Dependent type="300" schemaName="cat_settings_3ada8" displayName="Settings" />
      </MissingDependency>
      <MissingDependency>
        <Required type="66" schemaName="cat_PowerCAT.Persona" displayName="cat_PowerCAT.Persona" solution="CreatorKitCore (1.0.20230421.1)" />
        <Dependent type="300" schemaName="cat_settings_3ada8" displayName="Settings" />
      </MissingDependency>
      <MissingDependency>
        <Required type="66" schemaName="cat_PowerCAT.ProgressIndicator" displayName="cat_PowerCAT.ProgressIndicator" solution="CreatorKitCore (1.0.20230421.1)" />
        <Dependent type="300" schemaName="cat_processdesigner_57f47" displayName="Process Designer" />
      </MissingDependency>
      <MissingDependency>
        <Required type="66" schemaName="cat_PowerCAT.ProgressIndicator" displayName="cat_PowerCAT.ProgressIndicator" solution="CreatorKitCore (1.0.20230421.1)" />
        <Dependent type="300" schemaName="cat_processdesignerreimagined_2478d" displayName="Process Designer Reimagined" />
      </MissingDependency>
      <MissingDependency>
        <Required type="66" schemaName="cat_PowerCAT.Spinner" displayName="cat_PowerCAT.Spinner" solution="CreatorKitCore (1.0.20230421.1)" />
        <Dependent type="300" schemaName="cat_settings_3ada8" displayName="Settings" />
      </MissingDependency>
      <MissingDependency>
        <Required type="66" schemaName="cat_PowerCAT.SubwayNav" displayName="cat_PowerCAT.SubwayNav" solution="CreatorKitCore (1.0.20230421.1)" />
        <Dependent type="300" schemaName="cat_processdesignerreimagined_2478d" displayName="Process Designer Reimagined" />
      </MissingDependency>
      <MissingDependency>
        <Required type="66" schemaName="cat_PowerCAT.TagList" displayName="cat_PowerCAT.TagList" solution="CreatorKitCore (1.0.20230421.1)" />
        <Dependent type="300" schemaName="cat_homepage_96ece" displayName="Home page" />
      </MissingDependency>
      <MissingDependency>
        <Required type="66" schemaName="cat_PowerCAT.TagList" displayName="cat_PowerCAT.TagList" solution="CreatorKitCore (1.0.20230421.1)" />
        <Dependent type="300" schemaName="cat_homepagereimagined_709bf" displayName="Home page - Reimagined" />
      </MissingDependency>
      <MissingDependency>
        <Required type="66" schemaName="MscrmControls.FieldControls.ToggleControl" displayName="MscrmControls.FieldControls.ToggleControl" solution="BaseCustomControlsCore (9.0.2308.4016)" />
        <Dependent type="60" displayName="Information" parentDisplayName="Business Approval Instance Override" id="{3e0b29a6-5594-4248-99e0-b082a4520571}" />
      </MissingDependency>
      <MissingDependency>
        <Required type="66" schemaName="MscrmControls.FieldControls.ToggleControl" displayName="MscrmControls.FieldControls.ToggleControl" solution="BaseCustomControlsCore (9.0.2308.4016)" />
        <Dependent type="60" displayName="Business Approval Instance Override quick create form" parentDisplayName="Business Approval Instance Override" id="{45ce6ace-a8a5-ec11-b3fe-0022486e17cc}" />
      </MissingDependency>
      <MissingDependency>
        <Required type="66" schemaName="MscrmControls.FieldControls.ToggleControl" displayName="MscrmControls.FieldControls.ToggleControl" solution="BaseCustomControlsCore (9.0.2308.4016)" />
        <Dependent type="60" displayName="Information" parentDisplayName="Business Approval Work Profile" id="{8f99d74f-efa9-43fc-a2e5-4f6cbac8789f}" />
      </MissingDependency>
      <MissingDependency>
        <Required type="66" schemaName="MscrmControls.Grid.GridControl" displayName="MscrmControls.Grid.GridControl" solution="BaseCustomControlsCore (9.0.2308.4016)" />
        <Dependent type="60" displayName="Information" parentDisplayName="Business Approval Holiday Calendar" id="{22204bf0-25b0-4c88-92b9-1d2d751ffd2d}" />
      </MissingDependency>
      <MissingDependency>
        <Required type="66" schemaName="MscrmControls.Grid.GridControl" displayName="MscrmControls.Grid.GridControl" solution="BaseCustomControlsCore (9.0.2308.4016)" />
        <Dependent type="68" id="{227a813e-01cd-4a3c-8f52-96b5bafbdb0b}" />
      </MissingDependency>
      <MissingDependency>
        <Required type="SettingDefinition" displayName="FluentThemingPreview" solution="msdyn_PowerAppsThemingSettings (1.0.0.9)" id.uniquename="FluentThemingPreview" />
        <Dependent type="AppSetting" displayName="parentappmoduleid.uniquename=cat_BusinessApprovalManagement,settingdefinitionid.uniquename=FluentThemingPreview" id.parentappmoduleid.uniquename="cat_BusinessApprovalManagement" id.settingdefinitionid.uniquename="FluentThemingPreview" />
      </MissingDependency>
    </MissingDependencies>
  </SolutionManifest>
</ImportExportXml>