<manifest><control namespace="PowerCAT" constructor="NavigationComponentPCF" version="0.2.1" display-name-key="NavigationComponentPCF(0.2.1)" description-key="NavigationComponentPCF_desc" control-type="standard" api-version="1.3.5"><external-service-usage enabled="false" /><property name="PageType" display-name-key="PageType" description-key="PageType" of-type="SingleLine.Text" usage="bound" required="true" /><property name="Name" display-name-key="Name" description-key="Name" of-type="SingleLine.Text" usage="bound" required="true" /><property name="EntityName" display-name-key="EntityName" description-key="EntityName" of-type="SingleLine.Text" usage="bound" required="true" /><property name="RecordId" display-name-key="RecordId" description-key="RecordId" of-type="SingleLine.Text" usage="bound" required="true" /><property name="InputParameter" display-name-key="InputParameter" description-key="InputParameter" of-type="SingleLine.Text" usage="bound" required="true" /><property name="Target" display-name-key="Target" description-key="Target" of-type="Whole.None" usage="bound" required="true" /><property name="TargetPosition" display-name-key="Position" description-key="Position" of-type="Whole.None" usage="bound" required="true" /><property name="TargetHeight" display-name-key="Height" description-key="Height" of-type="Whole.None" usage="bound" required="true" /><property name="TargetWidth" display-name-key="Width" description-key="Width" of-type="Whole.None" usage="bound" required="true" /><property name="Title" display-name-key="Title" description-key="Title" of-type="SingleLine.Text" usage="input" required="false" /><property name="Navigate" display-name-key="Navigate" description-key="Navigate" of-type="TwoOptions" usage="bound" required="true" /><event name="OnClose" /><resources><code path="bundle.js" order="1" /><resx path="strings/NavigationComponentPCF.1033.resx" version="1.0.0" /></resources><built-by name="pac" version="1.24.3" /></control></manifest>