<environmentvariabledefinition schemaname="cat_ApprovalKitOrgUrl">
  <description default="InstanceUrl of the installed Approval Kit to connect to">
    <label description="InstanceUrl of the installed Approval Kit to connect to" languagecode="1033" />
  </description>
  <displayname default="Approval Kit Org Url">
    <label description="Approval Kit Org Url" languagecode="1033" />
  </displayname>
  <introducedversion>1.0.0.0</introducedversion>
  <iscustomizable>1</iscustomizable>
  <isrequired>0</isrequired>
  <secretstore>0</secretstore>
  <type>100000000</type>
</environmentvariabledefinition>