{"swagger":"2.0","info":{"title":"Approvals kit Connector","description":"","version":"1.0"},"host":"@environmentVariables(\"cat_ApprovalKitOrgUrl\")","basePath":"/","schemes":["https"],"consumes":[],"produces":["application/json","text/json"],"paths":{"/api/data/v9.2/cat_businessapprovalpublishedworkflows":{"get":{"responses":{"default":{"description":"default","schema":{"type":"object","properties":{"@odata.context":{"type":"string","description":"@odata.context"},"@odata.type":{"type":"string","description":"@odata.type"},"schemavalue":{"type":"object","properties":{"@odata.type":{"type":"string","description":"@odata.type"},"properties":{"type":"object","properties":{"@odata.type":{"type":"string","description":"@odata.type"},"type":{"type":"string","description":"type"},"properties":{"type":"object","properties":{"category":{"type":"object","properties":{"@odata.type":{"type":"string","description":"@odata.type"},"title":{"type":"string","description":"title"},"type":{"type":"string","description":"type"},"format":{"type":"string","description":"format"},"x-ms-visibility":{"type":"string","description":"x-ms-visibility"},"x-ms-summary":{"type":"string","description":"x-ms-summary"}},"description":"category"},"amount":{"type":"object","properties":{"@odata.type":{"type":"string","description":"@odata.type"},"title":{"type":"string","description":"title"},"type":{"type":"string","description":"type"},"format":{"type":"string","description":"format"},"default":{"type":"integer","format":"int32","description":"default"},"x-ms-visibility":{"type":"string","description":"x-ms-visibility"},"x-ms-summary":{"type":"string","description":"x-ms-summary"}},"description":"amount"}},"description":"properties"}},"description":"properties"}},"description":"schemavalue"}}}}},"summary":"Get Published Workflows","description":"List all published workflows","operationId":"GetPublishedWorkflows","parameters":[{"name":"$select","in":"query","required":true,"type":"string","default":"cat_businessapprovalpublishedworkflowid,cat_friendlyname,cat_name,cat_version,_cat_activeversion_value","x-ms-visibility":"internal"},{"name":"$expand","in":"query","required":true,"type":"string","default":"cat_publishedworkflow($select=cat_businessapprovalpublishedruntimedataid,cat_name,cat_datatype,cat_defaultvalue,_cat_runtimedata_value)","x-ms-visibility":"internal"},{"name":"Accept","in":"header","required":true,"type":"string","default":"application/json","x-ms-visibility":"internal"}],"x-ms-visibility":"internal"}},"/api/data/v9.2/cat_businessapprovalworkflowqueues":{"post":{"responses":{"200":{"description":"default","schema":{"type":"object","properties":{"@odata.context":{"type":"string","description":"@odata.context"},"@odata.type":{"type":"string","description":"@odata.type"},"@odata.id":{"type":"string","description":"@odata.id"},"@odata.etag":{"type":"string","description":"@odata.etag"},"@odata.editLink":{"type":"string","description":"@odata.editLink"},"cat_runtimedata":{"type":"array","items":{"type":"object","properties":{"id":{"type":"string","description":"id"},"value":{"type":"string","description":"value"}}},"description":"cat_runtimedata"},"cat_processid":{"type":"string","description":"cat_processid"},"cat_businessapprovalworkflowqueueid@odata.type":{"type":"string","description":"cat_businessapprovalworkflowqueueid@odata.type"},"cat_businessapprovalworkflowqueueid":{"type":"string","description":"cat_businessapprovalworkflowqueueid"}}}}},"summary":"Start business approval process","operationId":"CreateWorkflowInstance","description":"Create a new workflow instance.","parameters":[{"name":"accept","in":"header","description":"The header parameter required to make Microsoft Dataverse return the odata id","required":true,"x-ms-summary":"Accept","x-ms-visibility":"internal","type":"string","default":"application/json;odata.metadata=full"},{"name":"prefer","in":"header","description":"The header parameter required to make Microsoft Dataverse return the created resource","required":true,"x-ms-summary":"Prefer","x-ms-visibility":"internal","type":"string","default":"return=representation,odata.include-annotations=*"},{"name":"selectedProcess","in":"header","required":true,"type":"string","description":"Select a published workflow process","x-ms-summary":"Workflow Process","x-ms-dynamic-values":{"operationId":"GetPublishedWorkflows","value-collection":"value","value-path":"cat_businessapprovalpublishedworkflowid","value-title":"cat_friendlyname"}},{"name":"query","in":"body","required":true,"schema":{"x-ms-dynamic-schema":{"operationId":"GetApprovalDataFields","parameters":{"processID":{"parameter":"selectedProcess"}},"value-path":"schemavalue/properties"},"type":"object","x-ms-visibility":"important"},"x-ms-visibility":"important"}],"x-ms-visibility":"important"}},"/api/data/v9.2/cat_GetDynamicParameters(ProcessID={processID})":{"get":{"responses":{"default":{"description":"default","schema":{"type":"object","properties":{"@odata.context":{"type":"string","description":"@odata.context"},"@odata.type":{"type":"string","description":"@odata.type"},"schemavalue":{"type":"object","properties":{"@odata.type":{"type":"string","description":"@odata.type"},"properties":{"type":"object","properties":{"@odata.type":{"type":"string","description":"@odata.type"},"type":{"type":"string","description":"type"},"properties":{"type":"object","properties":{"category":{"type":"object","properties":{"@odata.type":{"type":"string","description":"@odata.type"},"title":{"type":"string","description":"title"},"type":{"type":"string","description":"type"},"x-ms-visibility":{"type":"string","description":"x-ms-visibility"}},"description":"category"},"amount":{"type":"object","properties":{"@odata.type":{"type":"string","description":"@odata.type"},"title":{"type":"string","description":"title"},"type":{"type":"string","description":"type"},"x-ms-visibility":{"type":"string","description":"x-ms-visibility"}},"description":"amount"}},"description":"properties"}},"description":"properties"}},"description":"schemavalue"}}}}},"summary":"Get Approval Data Fields","description":"An action to get all the approval data field based on the Process ID selected","operationId":"GetApprovalDataFields","parameters":[{"name":"processID","in":"path","required":true,"type":"string"}],"x-ms-visibility":"internal"}}},"definitions":{},"parameters":{},"responses":{},"securityDefinitions":{"oauth2-auth":{"type":"oauth2","flow":"accessCode","tokenUrl":"https://login.windows.net/common/oauth2/authorize","scopes":{},"authorizationUrl":"https://login.microsoftonline.com/common/oauth2/authorize"}},"security":[{"oauth2-auth":[]}],"tags":[]}