<appaction uniquename="cat__ProcessDesigner!958f0f84e75f463b8e94605042db4de6!cat_BusinessApprovalManagement!cat_businessapprovalprocess!1">
  <appmoduleid>
    <uniquename>cat_BusinessApprovalManagement</uniquename>
  </appmoduleid>
  <buttonlabeltext default="Process Designer">
    <label description="Process Designer" languagecode="1033" />
  </buttonlabeltext>
  <buttonsequencepriority>7.5000000000</buttonsequencepriority>
  <context>1</context>
  <contextentity>
    <logicalname>cat_businessapprovalprocess</logicalname>
  </contextentity>
  <contextvalue>cat_businessapprovalprocess</contextvalue>
  <fonticon>$clientsvg:TaskSequence</fonticon>
  <hidden>0</hidden>
  <iscustomizable>1</iscustomizable>
  <isgrouptitlehidden>0</isgrouptitlehidden>
  <location>1</location>
  <name>ProcessDesigner!958f0f84e75f463b8e94605042db4de6</name>
  <onclickeventjavascriptfunctionname>RunOnSelected</onclickeventjavascriptfunctionname>
  <onclickeventjavascriptparameters>[{"type":24}]</onclickeventjavascriptparameters>
  <onclickeventjavascriptwebresourceid>
    <webresourceid>b9b6535e-3bb2-ed11-83fe-0022482a97de</webresourceid>
  </onclickeventjavascriptwebresourceid>
  <onclickeventtype>2</onclickeventtype>
  <statecode>0</statecode>
  <statuscode>1</statuscode>
  <type>0</type>
  <visibilityformulacomponentlibraryid>
    <name>cat_businessapprovalmanagementdefaultcommandlibrary_94e11</name>
  </visibilityformulacomponentlibraryid>
  <visibilityformulacomponentname>ab10e7d3279c4209af15b25106c0b201</visibilityformulacomponentname>
  <visibilityformulafunctionname>Visible</visibilityformulafunctionname>
  <visibilitytype>1</visibilitytype>
</appaction>